Muestra1|Muestra2|CDF1|CDF2
-4.284377997345732|-2.9374867887997627|0.001|0.001
-3.7716428340402914|-2.8072720675166445|0.002|0.002
-3.3148513519125995|-2.773149356921434|0.003|0.003
-3.125911822870469|-2.4254593971019704|0.004|0.004
-2.8847124410442624|-2.341273676929904|0.005|0.005
-2.7317289258851596|-2.1802968421176856|0.006|0.006
-2.660232665266509|-2.0641240943065498|0.007|0.007
-2.6001762729019138|-2.055124409197191|0.008|0.008
-2.5992826529159867|-2.051124470535299|0.009|0.009
-2.5597997876894083|-1.9635916049502637|0.01|0.01
-2.5259528554028394|-1.8809407521695176|0.011|0.011
-2.470241337867053|-1.8172063133524814|0.012|0.012
-2.4625303600834605|-1.7774391929263929|0.013|0.013
-2.446367272101909|-1.7593786330608157|0.014|0.014
-2.4312852461749195|-1.6885880385885041|0.015|0.015
-2.3583785978169924|-1.6493776729800436|0.016|0.016
-2.3512776851663086|-1.6418456089175062|0.017|0.017
-2.34737055602025|-1.6177994931549273|0.018|0.018
-2.2376728366276817|-1.584840437339996|0.019|0.019
-2.2167027581124374|-1.5804597076856242|0.02|0.02
-2.208725892916068|-1.5698346527313216|0.021|0.021
-2.1939014766729854|-1.5515238136752565|0.022|0.022
-2.1906677168505273|-1.5496001359183071|0.023|0.023
-2.187745856889589|-1.4756982841694055|0.024|0.024
-2.161188241260618|-1.4741954139744782|0.025|0.025
-2.152125024031931|-1.4678276733732623|0.026|0.026
-2.097559064762677|-1.4581866487769253|0.027|0.027
-2.0879396032743345|-1.4353936447774223|0.028|0.028
-2.078650770244924|-1.412779112448624|0.029|0.029
-2.033809797808679|-1.3915147305793125|0.03|0.03
-2.0222269510535593|-1.389286205060676|0.031|0.031
-1.998916776322583|-1.368816466582356|0.032|0.032
-1.9683901585975736|-1.3662293489792052|0.033|0.033
-1.9659542304841395|-1.347513841080757|0.034|0.034
-1.9653420512340094|-1.3260327454974676|0.035|0.035
-1.9617097742101623|-1.3110600897765903|0.036|0.036
-1.956567450889421|-1.3038501263816151|0.037|0.037
-1.9516593012700092|-1.3022250479332536|0.038|0.038
-1.947608185857043|-1.2788547202316938|0.039|0.039
-1.9346545290243757|-1.270934465299162|0.04|0.04
-1.926513997704219|-1.2683629617970333|0.041|0.041
-1.9089866029234535|-1.2066030732102044|0.042|0.042
-1.8971861087143616|-1.206152805093752|0.043|0.043
-1.8808310966278337|-1.2053590886587962|0.044|0.044
-1.853248017865478|-1.2036570510153528|0.045|0.045
-1.8465811405587824|-1.19936951456559|0.046|0.046
-1.8354463932156844|-1.1992599831277488|0.047|0.047
-1.8296316916729738|-1.1225042912985277|0.048|0.048
-1.821534610602866|-1.1153345576092173|0.049|0.049
-1.7890385244462603|-1.1049233754113197|0.05|0.05
-1.7816748588953963|-1.0974065897620662|0.051|0.051
-1.7760597105790985|-1.0817102490106358|0.052|0.052
-1.7369319261098004|-1.0763409116916711|0.053|0.053
-1.7229148712018214|-1.0638779390508692|0.054|0.054
-1.7148431738904648|-1.0637231068067816|0.055|0.055
-1.7121126202108143|-1.0623188152004992|0.056|0.056
-1.7106452514046089|-1.0600847023497175|0.057|0.057
-1.6942619308531115|-1.0593994731268355|0.058|0.058
-1.685655852377249|-1.0470005370032391|0.059|0.059
-1.6779895594184042|-1.0408544807682962|0.06|0.06
-1.6704105459900915|-1.0257123501440621|0.061|0.061
-1.667027281750505|-1.023787305628409|0.062|0.062
-1.6650196986764128|-1.0189827636282982|0.063|0.063
-1.6595639894468504|-0.9803729475933889|0.064|0.064
-1.6254188178526197|-0.9783059107203202|0.065|0.065
-1.6247683469530143|-0.9695108318500394|0.066|0.066
-1.6145119328159112|-0.967063362695253|0.067|0.067
-1.6067583644766057|-0.9660411301889213|0.068|0.068
-1.6004121488374077|-0.9567959566737241|0.069|0.069
-1.5924038696207625|-0.9435690594055739|0.07|0.07
-1.58953458160618|-0.9365994249488463|0.071|0.071
-1.5765005779657169|-0.930274901185492|0.072|0.072
-1.5729888530134595|-0.9286911466214407|0.073|0.073
-1.5727242932405436|-0.9284036581377499|0.074|0.074
-1.5547926413453648|-0.9269964638587511|0.075|0.075
-1.5546687956303857|-0.9169601951619837|0.076|0.076
-1.5435117497388429|-0.916665613780169|0.077|0.077
-1.5398979749287849|-0.9147448884371585|0.078|0.078
-1.5283304718649224|-0.9071222586780938|0.079|0.079
-1.5247229214807343|-0.8929543874727908|0.08|0.08
-1.5099944124952622|-0.892942119543416|0.081|0.081
-1.4795911527175323|-0.8907182918806744|0.082|0.082
-1.4788780298804585|-0.8861199292734898|0.083|0.083
-1.4732846105962143|-0.8846047446811067|0.084|0.084
-1.472411548938448|-0.882201100849118|0.085|0.085
-1.4699189283048582|-0.8607899799566752|0.086|0.086
-1.4688456733064656|-0.8557104319388078|0.087|0.087
-1.4644893566507489|-0.8549541960211084|0.088|0.088
-1.4606910231391688|-0.8507381387863586|0.089|0.089
-1.45098328897829|-0.8443556681964988|0.09|0.09
-1.450127852549149|-0.8366606904051255|0.091|0.091
-1.4470826493646185|-0.825639467413092|0.092|0.092
-1.446851631019615|-0.8156040357336019|0.093|0.093
-1.4462867561124955|-0.8044828437186269|0.094|0.094
-1.4451414247078895|-0.8010729608647627|0.095|0.095
-1.4383842923891836|-0.7814257157263866|0.096|0.096
-1.435177937496774|-0.77967125090954|0.097|0.097
-1.4311770957515348|-0.7722957816767828|0.098|0.098
-1.4186905766696987|-0.7691804877629669|0.099|0.099
-1.4176193147027263|-0.7665538628494448|0.1|0.1
-1.4086663032112867|-0.7611454319590802|0.101|0.101
-1.4066518777336032|-0.759058580212425|0.102|0.102
-1.4065498052299457|-0.7454593441195334|0.103|0.103
-1.3984666560216823|-0.7443518797536828|0.104|0.104
-1.393638582871454|-0.7341704154054951|0.105|0.105
-1.392138772222122|-0.7239302239280825|0.106|0.106
-1.3896530465896184|-0.721757112117573|0.107|0.107
-1.3845739906279466|-0.7208684307031443|0.108|0.108
-1.3767122280298665|-0.7189850226682821|0.109|0.109
-1.3708217238107943|-0.715541501655168|0.11|0.11
-1.3362399498451085|-0.707168111603613|0.111|0.111
-1.324170682456231|-0.7001400784195635|0.112|0.112
-1.310570638454002|-0.6994813610344559|0.113|0.113
-1.3034508584765403|-0.6971376762916812|0.114|0.114
-1.2952925889158375|-0.6924143104938687|0.115|0.115
-1.2735020769181877|-0.6910922563682125|0.116|0.116
-1.2657454707530829|-0.6898915646715944|0.117|0.117
-1.2584132485380275|-0.6871180536635828|0.118|0.118
-1.2541423218356307|-0.6818370287194497|0.119|0.119
-1.2389386421711839|-0.6749504204309675|0.12|0.12
-1.2249559821842992|-0.6683462127489952|0.121|0.121
-1.2244023625563631|-0.6658914672380698|0.122|0.122
-1.2220439842147006|-0.6649073334167721|0.123|0.123
-1.2213104826361052|-0.6619506526996646|0.124|0.124
-1.2203674008113756|-0.6571732554106131|0.125|0.125
-1.2189950922147668|-0.6488186894549508|0.126|0.126
-1.2162596580191796|-0.6407292722672848|0.127|0.127
-1.2137756244999294|-0.6389085378340613|0.128|0.128
-1.2113334323697318|-0.6321482626725605|0.129|0.129
-1.2109460574850601|-0.6223111692854124|0.13|0.13
-1.2032989129432878|-0.6221248407439788|0.131|0.131
-1.1883141671694901|-0.6179468727293829|0.132|0.132
-1.179637386120601|-0.6159087259473357|0.133|0.133
-1.1774122002469403|-0.5961992002454086|0.134|0.134
-1.1772323806930045|-0.5945514004359314|0.135|0.135
-1.1734106362568095|-0.5922370411694518|0.136|0.136
-1.171571903275968|-0.5870420019076048|0.137|0.137
-1.1652998957205276|-0.5809025678605739|0.138|0.138
-1.1622993294722042|-0.5740182586343787|0.139|0.139
-1.1622756527507774|-0.5643946658862964|0.14|0.14
-1.1620875918837401|-0.5585759319699142|0.141|0.141
-1.1599061865432705|-0.5555750147389071|0.142|0.142
-1.1594413198455977|-0.5489953479217156|0.143|0.143
-1.157807178410513|-0.5444800982084048|0.144|0.144
-1.1520088066605785|-0.5442863335016526|0.145|0.145
-1.151747931242586|-0.543978354952181|0.146|0.146
-1.1475708626486771|-0.5403031666465032|0.147|0.147
-1.146988111902717|-0.539051119944028|0.148|0.148
-1.1427035250999567|-0.5359900727798497|0.149|0.149
-1.1257442696519666|-0.5355553949340233|0.15|0.15
-1.1231059050479286|-0.5322600329002714|0.151|0.151
-1.1200149123822956|-0.5308147742941249|0.152|0.152
-1.1143387854662603|-0.524705295354069|0.153|0.153
-1.1063934152129573|-0.511667135311787|0.154|0.154
-1.099829487608888|-0.5058621161786299|0.155|0.155
-1.092701866996013|-0.5005765584010029|0.156|0.156
-1.0894093585782638|-0.4971605659615256|0.157|0.157
-1.0891082540621728|-0.49593308767334165|0.158|0.158
-1.0875079005601498|-0.4956182433507218|0.159|0.159
-1.084827117439676|-0.4946074127036555|0.16|0.16
-1.0794258578023002|-0.48505101910075354|0.161|0.161
-1.0782253674158369|-0.48498383193069017|0.162|0.162
-1.0735595576438666|-0.4786017719926814|0.163|0.163
-1.0533471604408675|-0.4686811473483853|0.164|0.164
-1.0515969640175136|-0.4682812485736506|0.165|0.165
-1.0493510547582716|-0.46663476980280416|0.166|0.166
-1.0473165807944298|-0.4549957786999209|0.167|0.167
-1.046695299964005|-0.45414695649210113|0.168|0.168
-1.0438184895984162|-0.4517753756491776|0.169|0.169
-1.0413826748335233|-0.4498415761486787|0.17|0.17
-1.0413701240867863|-0.44484801954382036|0.171|0.171
-1.0377725664313622|-0.44374823438751754|0.172|0.172
-1.0355460415257298|-0.4422523732632351|0.173|0.173
-1.0254559975854092|-0.44189758775319776|0.174|0.174
-1.0185997878709776|-0.44159324408111644|0.175|0.175
-1.018054834722741|-0.4305286389554728|0.176|0.176
-1.0164092755035254|-0.42415000245418033|0.177|0.177
-1.0139581511714486|-0.41742116149956376|0.178|0.178
-0.9984719732386941|-0.40843723345087346|0.179|0.179
-0.9970939962207284|-0.4076020196579111|0.18|0.18
-0.9969044191768954|-0.39560048605150877|0.181|0.181
-0.9890331450764804|-0.39520892856855283|0.182|0.182
-0.984015924170662|-0.3920288038419093|0.183|0.183
-0.9824484301682667|-0.38036135930732917|0.184|0.184
-0.9744225249992311|-0.37884700492446266|0.185|0.185
-0.9612571213614637|-0.37879540501247866|0.186|0.186
-0.9611507024102472|-0.373466296154208|0.187|0.187
-0.961006308892251|-0.3681892374245851|0.188|0.188
-0.9401587415463688|-0.3672073844400986|0.189|0.189
-0.9328241295770965|-0.3633053177396922|0.19|0.19
-0.9225082599450817|-0.3629918904292837|0.191|0.191
-0.9169452104206822|-0.3628371116851272|0.192|0.192
-0.91025811684653|-0.35907049792888646|0.193|0.193
-0.9041772569888998|-0.3535750210755485|0.194|0.194
-0.8995583129985834|-0.32994749133431855|0.195|0.195
-0.8986986715762229|-0.3231997216191077|0.196|0.196
-0.897172611877702|-0.3222204968767456|0.197|0.197
-0.8968848186731364|-0.31408136877249404|0.198|0.198
-0.8931641315106162|-0.31136889997626194|0.199|0.199
-0.8833101707932071|-0.30903493868044807|0.2|0.2
-0.8795425029612098|-0.30770893389057485|0.201|0.201
-0.8745740228494572|-0.3051690029009929|0.202|0.202
-0.8662591911407374|-0.3050015852265813|0.203|0.203
-0.8583579778007445|-0.3040596688025987|0.204|0.204
-0.8518130561013552|-0.3013898552326866|0.205|0.205
-0.8410409364459025|-0.2968539328205314|0.206|0.206
-0.8408955511730349|-0.2948501971016936|0.207|0.207
-0.8399278003085493|-0.29278725930858773|0.208|0.208
-0.8387263614189034|-0.2890923029811958|0.209|0.209
-0.8382483321142723|-0.284309097331478|0.21|0.21
-0.8377967222415583|-0.28119914118801537|0.211|0.211
-0.8353752150560747|-0.2726474531943285|0.212|0.212
-0.83334226158112|-0.27026927982200155|0.213|0.213
-0.8283736950502908|-0.2646561325011071|0.214|0.214
-0.8281514170554524|-0.26329027379648773|0.215|0.215
-0.8278453709622892|-0.2619385261626168|0.216|0.216
-0.8228751784902505|-0.2576463678537533|0.217|0.217
-0.8084688738564378|-0.2542107660914288|0.218|0.218
-0.8012958383631865|-0.2527137184045596|0.219|0.219
-0.8003067088822506|-0.2441566742340756|0.22|0.22
-0.7943643084562392|-0.24070581981926475|0.221|0.221
-0.7925678647199762|-0.23874947967337135|0.222|0.222
-0.7925451713030814|-0.2373092804687782|0.223|0.223
-0.7855572906891325|-0.22969543425943095|0.224|0.224
-0.7780976707178874|-0.22817325769758112|0.225|0.225
-0.7685588380439715|-0.2279852088791232|0.226|0.226
-0.7628591244524292|-0.22736253921939387|0.227|0.227
-0.7618353829619285|-0.22394590142607207|0.228|0.228
-0.7615231393667036|-0.2205587808392644|0.229|0.229
-0.7540887200900146|-0.21248107375468916|0.23|0.23
-0.7407095009134134|-0.21191197668114958|0.231|0.231
-0.739251170928861|-0.20836011049515746|0.232|0.232
-0.7378152316766058|-0.20679926758661404|0.233|0.233
-0.7366721758379411|-0.20502884866015458|0.234|0.234
-0.7359816093699758|-0.2018240952804644|0.235|0.235
-0.7311614136440645|-0.20143663283080193|0.236|0.236
-0.7297637603561855|-0.18395326043897964|0.237|0.237
-0.7294649517741275|-0.1836898162598214|0.238|0.238
-0.7237631116172059|-0.17739818445253863|0.239|0.239
-0.7227666877314821|-0.1710330920688593|0.24|0.24
-0.7191934746123126|-0.169804019593899|0.241|0.241
-0.7181332671913672|-0.1605561368012035|0.242|0.242
-0.7168133946126992|-0.15516841801106507|0.243|0.243
-0.7151435231960303|-0.1523186397676194|0.244|0.244
-0.7128161253145627|-0.14440337072325704|0.245|0.245
-0.7107364062092827|-0.133182661700055|0.246|0.246
-0.7104652346976036|-0.12960830925757894|0.247|0.247
-0.7098446463453405|-0.12859815811438113|0.248|0.248
-0.6984119626045544|-0.11893214198433899|0.249|0.249
-0.6918641576627924|-0.11823715914423383|0.25|0.25
-0.6884277193695603|-0.11313109950003453|0.251|0.251
-0.6728077094770021|-0.10516849797003114|0.252|0.252
-0.664923956640176|-0.10368719023940176|0.253|0.253
-0.6633807876992354|-0.10362611321297321|0.254|0.254
-0.6613356814700633|-0.09497685977003656|0.255|0.255
-0.6599009826816575|-0.09125569523169341|0.256|0.256
-0.658732400710765|-0.07970663143163292|0.257|0.257
-0.6524321252290197|-0.07703728484614891|0.258|0.258
-0.6514756888153511|-0.07464417310438065|0.259|0.259
-0.6371576776002973|-0.07206879251718312|0.26|0.26
-0.6343675759903531|-0.06871028215808062|0.261|0.261
-0.6322622513969757|-0.06577341561594219|0.262|0.262
-0.6308606014269539|-0.053759290502862433|0.263|0.263
-0.6259201456194924|-0.04202784095489254|0.264|0.264
-0.6204847486569168|-0.04186720317368231|0.265|0.265
-0.6181881168395327|-0.0366383924545024|0.266|0.266
-0.6156965807571584|-0.036107207069702385|0.267|0.267
-0.6138031214121901|-0.03554744141007471|0.268|0.268
-0.6128495587019519|-0.03142691432048872|0.269|0.269
-0.6092097077592209|-0.02620652580161531|0.27|0.27
-0.6071015213656542|-0.020169183400486568|0.271|0.271
-0.6070694688510931|-0.01325732944921798|0.272|0.272
-0.6035395671897021|-0.009848007119283464|0.273|0.273
-0.5994628402935208|-0.009678409266536847|0.274|0.274
-0.5965556657973304|-0.008672806425170876|0.275|0.275
-0.5937312393432104|-0.007110589319325955|0.276|0.276
-0.5926516753371368|-0.0018481842883696364|0.277|0.277
-0.5875781897599567|-0.0017605303962633378|0.278|0.278
-0.5856018148435815|0.002298329392316001|0.279|0.279
-0.5852255269706317|0.0093876656020358|0.28|0.28
-0.5768577395024809|0.009471919117903016|0.281|0.281
-0.5752008834871266|0.014272465787544875|0.282|0.282
-0.5751794264149857|0.014889530800648587|0.283|0.283
-0.5723070108742422|0.015025443801230387|0.284|0.284
-0.5710233069448977|0.016396741703966766|0.285|0.285
-0.5709704777514287|0.016769687868553818|0.286|0.286
-0.5701984186541754|0.016899280107249448|0.287|0.287
-0.5653875523569852|0.021046901335919965|0.288|0.288
-0.5641276121800061|0.025671876674544958|0.289|0.289
-0.5610282075237648|0.026703426814096154|0.29|0.29
-0.5405708677971709|0.02779475942680404|0.291|0.291
-0.5395483566778623|0.029952947765127913|0.292|0.292
-0.5394743724238815|0.03330040601348899|0.293|0.293
-0.5390508053061102|0.034145847764681825|0.294|0.294
-0.529163092000985|0.03431927253727751|0.295|0.295
-0.5227328024365673|0.03474449896156617|0.296|0.296
-0.5207769933861434|0.03576403817899415|0.297|0.297
-0.5190512217660819|0.038340588891742244|0.298|0.298
-0.5150299685919877|0.039668102427829144|0.299|0.299
-0.5140799840785661|0.041604970243054096|0.3|0.3
-0.5131716333569893|0.042792761237682275|0.301|0.301
-0.5100248332503973|0.045323423801766516|0.302|0.302
-0.5062630476667016|0.048593734490284035|0.303|0.303
-0.5052940646494479|0.04881613776944821|0.304|0.304
-0.5042641003341912|0.05043338588339635|0.305|0.305
-0.5015537249197495|0.05183516411309752|0.306|0.306
-0.49938477868053033|0.053222878793134754|0.307|0.307
-0.4985524889681306|0.0584188283188688|0.308|0.308
-0.49686850444481817|0.062063793120555044|0.309|0.309
-0.49523262492593206|0.06207578984548068|0.31|0.31
-0.4933203106428427|0.0639205510639716|0.311|0.311
-0.4885343703870362|0.06609590609001587|0.312|0.312
-0.4878965952542804|0.0695099822132858|0.313|0.313
-0.4829573732228196|0.07814165022051917|0.314|0.314
-0.4813090058782024|0.08166181190851507|0.315|0.315
-0.4747747355464445|0.08333539891863007|0.316|0.316
-0.46573326499222995|0.08336637721197926|0.317|0.317
-0.46467026595025324|0.08649907567280052|0.318|0.318
-0.4623475639338146|0.08673495934801762|0.319|0.319
-0.4607747564971351|0.09226517610503371|0.32|0.32
-0.4594356168581545|0.09722110850036741|0.321|0.321
-0.45629841095634716|0.09937948104216554|0.322|0.322
-0.45301294835022493|0.10231412000293816|0.323|0.323
-0.45285080093984265|0.10258669268150161|0.324|0.324
-0.45274407093600866|0.10293980048462753|0.325|0.325
-0.4505273727223744|0.10379360852806224|0.326|0.326
-0.44374972980086685|0.10576002071397023|0.327|0.327
-0.4387493646246773|0.11068157821604574|0.328|0.328
-0.4381981648744218|0.11281205823849266|0.329|0.329
-0.43710817192808515|0.12855297729056114|0.33|0.33
-0.4360703364727843|0.12952865472074393|0.331|0.331
-0.43445066798913085|0.13085425321971134|0.332|0.332
-0.4320508771297712|0.1325246133351775|0.333|0.333
-0.43200695180024884|0.1393268320371776|0.334|0.334
-0.43066206751312436|0.1400375923124625|0.335|0.335
-0.4305461034438144|0.14207292831343665|0.336|0.336
-0.4165607974004772|0.1500636857371182|0.337|0.337
-0.41554102567632556|0.1505572578743256|0.338|0.338
-0.4123603070352427|0.15223551919049572|0.339|0.339
-0.40577716378617334|0.1539435477391337|0.34|0.34
-0.4048805775654192|0.15493212422754737|0.341|0.341
-0.40071096341845874|0.15734585471977242|0.342|0.342
-0.39887205366975437|0.15927875747789788|0.343|0.343
-0.3979025074261908|0.15961406817745472|0.344|0.344
-0.3957335531467437|0.1644287332229134|0.345|0.345
-0.3952241243652038|0.16903436959971396|0.346|0.346
-0.392598646560491|0.1805804656581449|0.347|0.347
-0.39211815195951344|0.1913599859757545|0.348|0.348
-0.3878693154075399|0.1922918531169146|0.349|0.349
-0.3809208821177711|0.200751685773225|0.35|0.35
-0.3807623287218058|0.20083220966747573|0.351|0.351
-0.38024558396779656|0.2017566432198366|0.352|0.352
-0.3738795625741839|0.204802293269714|0.353|0.353
-0.3737085061392725|0.20491996779931093|0.354|0.354
-0.36946880986787783|0.20957881197558087|0.355|0.355
-0.36702541439967035|0.21620501184606644|0.356|0.356
-0.3647256110745698|0.21959244985738857|0.357|0.357
-0.3593446004824043|0.2203377727417704|0.358|0.358
-0.35565878709515997|0.2293191601344418|0.359|0.359
-0.3522110645111861|0.23632440589656956|0.36|0.36
-0.35076643014710834|0.2401333824683884|0.361|0.361
-0.3501294067028933|0.24025985703162106|0.362|0.362
-0.3449139867768117|0.2411346597101256|0.363|0.363
-0.3443178244806156|0.24158855374299826|0.364|0.364
-0.3441721386800821|0.24165577003155647|0.365|0.365
-0.34370360197278116|0.24429404439999441|0.366|0.366
-0.3429622850594038|0.24474258768951773|0.367|0.367
-0.34238235060979477|0.2459776946970555|0.368|0.368
-0.3332496794545273|0.24676871432817754|0.369|0.369
-0.3304451816980357|0.24966180641149321|0.37|0.37
-0.3283884305625412|0.250282689093415|0.371|0.371
-0.326045658525804|0.2506756191399695|0.372|0.372
-0.32571507832429414|0.2533245496669012|0.373|0.373
-0.32568368838595496|0.25418605432379415|0.374|0.374
-0.32543924101679306|0.2621227574450286|0.375|0.375
-0.32315111698533655|0.26254850262031704|0.376|0.376
-0.3218565664352019|0.2631455513613151|0.377|0.377
-0.32124132406914596|0.2654270721649955|0.378|0.378
-0.3195322012667024|0.27355916713404854|0.379|0.379
-0.3130271487588223|0.27404388198998475|0.38|0.38
-0.3107122038251284|0.2766058550724741|0.381|0.381
-0.30847911730690175|0.28386781597840394|0.382|0.382
-0.3082576609686257|0.2851197197763218|0.383|0.383
-0.30504474574777735|0.28627031288105476|0.384|0.384
-0.3013170237533565|0.2938002953545096|0.385|0.385
-0.28998548269457924|0.2991419020349391|0.386|0.386
-0.28976970193175927|0.29960172987426625|0.387|0.387
-0.2861521472529891|0.30117899021429134|0.388|0.388
-0.28457862302411224|0.30490922780899643|0.389|0.389
-0.2840224173439198|0.3095045604401718|0.39|0.39
-0.28070736525502066|0.3106298053046712|0.391|0.391
-0.28064659211698334|0.3108327703070073|0.392|0.392
-0.27902679704438454|0.3119546813175996|0.393|0.393
-0.2739754732743679|0.3155987562934464|0.394|0.394
-0.2734369490615704|0.3157083046972222|0.395|0.395
-0.2703328860059709|0.3166768671245319|0.396|0.396
-0.26856117815368147|0.31774866693537196|0.397|0.397
-0.26839702089425743|0.3185194709699104|0.398|0.398
-0.26175657786342|0.32508621710725905|0.399|0.399
-0.2565748686531244|0.33099835519245246|0.4|0.4
-0.2548647171526869|0.331360462680673|0.401|0.401
-0.25435454492366694|0.332179771176925|0.402|0.402
-0.24072684755485468|0.3347946544624579|0.403|0.403
-0.23762496307799696|0.33921522262668957|0.404|0.404
-0.2335649226497347|0.34208823856914367|0.405|0.405
-0.22847836225973436|0.34250293931342096|0.406|0.406
-0.22809279760904877|0.3427252138532608|0.407|0.407
-0.22654567766451716|0.3433486056618777|0.408|0.408
-0.2235206491086728|0.3444779899516966|0.409|0.409
-0.2175168211434292|0.34508074757339036|0.41|0.41
-0.21421329237111558|0.34808377842379423|0.411|0.411
-0.21383114950041063|0.3487811809304333|0.412|0.412
-0.20834478421004218|0.35141703182627226|0.413|0.413
-0.20738597101585418|0.3555499670771709|0.414|0.414
-0.20585273994985293|0.357592019482872|0.415|0.415
-0.20574301759035565|0.36198247009934825|0.416|0.416
-0.20570924242144753|0.3639579575484118|0.417|0.417
-0.2038269368327927|0.36468705713206484|0.418|0.418
-0.20189896831472978|0.3678365041113414|0.419|0.419
-0.20171050518320155|0.3684015756551358|0.42|0.42
-0.2002078895911371|0.36877436137021014|0.421|0.421
-0.1993212474394102|0.3692090174795962|0.422|0.422
-0.19431282083898657|0.3790752386110861|0.423|0.423
-0.19143774197631017|0.3822472824642519|0.424|0.424
-0.18705321991288704|0.3843959772261737|0.425|0.425
-0.18593815548347534|0.38739790591716877|0.426|0.426
-0.18434559653646332|0.395027466532633|0.427|0.427
-0.17981985207031256|0.4004719744739799|0.428|0.428
-0.17885202848558363|0.4021038184459681|0.429|0.429
-0.17607996631242356|0.40264941486815353|0.43|0.43
-0.16059136355551784|0.4030682241566696|0.431|0.431
-0.15992996022854913|0.4032122204107558|0.432|0.432
-0.15814494604563353|0.4032531497160872|0.433|0.433
-0.1548929568951289|0.40512151255584783|0.434|0.434
-0.15029072820855616|0.4074934221531609|0.435|0.435
-0.14977276580769444|0.4081690098634796|0.436|0.436
-0.1475148253886357|0.41226092455034735|0.437|0.437
-0.14266926463779625|0.4128821078320662|0.438|0.438
-0.13977638189186126|0.4149505905235409|0.439|0.439
-0.1311255668194634|0.4176546915989605|0.44|0.44
-0.12991346359723238|0.4219530848360501|0.441|0.441
-0.12951250992690513|0.4221256103863681|0.442|0.442
-0.12831904486653184|0.4241601963195617|0.443|0.443
-0.12658558472160597|0.42757253869609557|0.444|0.444
-0.12510163115978615|0.4288422230446013|0.445|0.445
-0.12321770317567617|0.4310418008713236|0.446|0.446
-0.11979949391530487|0.43249694669914185|0.447|0.447
-0.1188835502755771|0.43390346298651117|0.448|0.448
-0.11714569172829016|0.4388950194328264|0.449|0.449
-0.11664175681441889|0.44202834090420273|0.45|0.45
-0.11462457872068811|0.44261478120647074|0.451|0.451
-0.11444075409003966|0.44842281128264616|0.452|0.452
-0.1136384478656848|0.4502158212645756|0.453|0.453
-0.11125053887050702|0.4527584283524522|0.454|0.454
-0.10773985125261995|0.4529404934068709|0.455|0.455
-0.10596907438998755|0.45866269888380184|0.456|0.456
-0.10586912434972787|0.4592867342747514|0.457|0.457
-0.10476147073331511|0.46024059532583317|0.458|0.458
-0.10082768526946112|0.4604078170510665|0.459|0.459
-0.0991549252684403|0.46104701958194516|0.46|0.46
-0.09670193937066227|0.46406723583355625|0.461|0.461
-0.094430977765256|0.4702789956742806|0.462|0.462
-0.0920404800288299|0.4715942084285628|0.463|0.463
-0.08978588243436297|0.4727174255297666|0.464|0.464
-0.08864417284788445|0.47644880172621407|0.465|0.465
-0.08854253807002659|0.48074152025367445|0.466|0.466
-0.08759880036565813|0.48187761996493716|0.467|0.467
-0.0865082390228676|0.4843797386605687|0.468|0.468
-0.08617051750631548|0.48555353877487695|0.469|0.469
-0.08483218924716038|0.4897250383237334|0.47|0.47
-0.08107433129154999|0.4913089892989137|0.471|0.471
-0.0809581402681062|0.4937477088946894|0.472|0.472
-0.07795459257482443|0.4971050592507044|0.473|0.473
-0.0761931511559866|0.5020173907926095|0.474|0.474
-0.07392727908969758|0.5049960696380318|0.475|0.475
-0.07250787845047195|0.5111789479658562|0.476|0.476
-0.07109114152093572|0.5115423203771312|0.477|0.477
-0.06891135569323414|0.512581880540562|0.478|0.478
-0.06880883905358816|0.5159087182639346|0.479|0.479
-0.056082331871090504|0.5205442699678852|0.48|0.48
-0.05329563836521746|0.5258950849607782|0.481|0.481
-0.051188678235557984|0.5302391940056046|0.482|0.482
-0.05030876459244562|0.5304282201747696|0.483|0.483
-0.04874946687553528|0.5304733318001235|0.484|0.484
-0.04567366527504217|0.533912231199772|0.485|0.485
-0.039758832203757005|0.5354675708398803|0.486|0.486
-0.039470755813862335|0.5428299060265501|0.487|0.487
-0.03741359691953063|0.5437012647877463|0.488|0.488
-0.0370746666127767|0.5472297008315539|0.489|0.489
-0.03705741860270921|0.5474672706557957|0.49|0.49
-0.031935941440672584|0.5561233739676549|0.491|0.491
-0.03061404981049614|0.5598435087425302|0.492|0.492
-0.025622506420547024|0.5637832045341045|0.493|0.493
-0.021384293293634355|0.5641484532600543|0.494|0.494
-0.0208356033066132|0.5658849414001794|0.495|0.495
-0.0208064721219582|0.5690582039824882|0.496|0.496
-0.019139621327347513|0.5707019717400319|0.497|0.497
-0.01784649856564125|0.5710497555245708|0.498|0.498
-0.0143863131223046|0.5742168565285363|0.499|0.499
-0.014323831165195079|0.5742806630284284|0.5|0.5
-0.014078878973070795|0.5770606402499235|0.501|0.501
-0.013200114870901782|0.5826556346083487|0.502|0.502
-0.012437732658881909|0.5828914918661905|0.503|0.503
-0.009501858189206043|0.5848050810043773|0.504|0.504
-0.00658339270830308|0.5855034684824806|0.505|0.505
-0.005534056004508041|0.586099591062803|0.506|0.506
-0.004531867249340665|0.5906399166721512|0.507|0.507
-0.002987541322465941|0.5926575787763938|0.508|0.508
-0.002280803204424867|0.5964452125761919|0.509|0.509
0.0009311853643367707|0.5982333007674139|0.51|0.51
0.001899955360689782|0.6028653289952332|0.511|0.511
0.002597428122713939|0.6070421592924735|0.512|0.512
0.004801754171616938|0.6102993984022058|0.513|0.513
0.005501891784858971|0.6112142343953719|0.514|0.514
0.00883270191697846|0.6144823444077202|0.515|0.515
0.008969407390715714|0.6172584565991381|0.516|0.516
0.012480327676657868|0.6173023588988369|0.517|0.517
0.012783805336867649|0.6173290656584689|0.518|0.518
0.014630870356755515|0.6196315973880123|0.519|0.519
0.019535857365015025|0.6200934403835031|0.52|0.52
0.024363924268925335|0.6267128979423113|0.521|0.521
0.024385107685924036|0.6269544625732982|0.522|0.522
0.025149187424955432|0.6274915621208162|0.523|0.523
0.026492949821473218|0.6296147174660371|0.524|0.524
0.028377528361050133|0.6319818231223353|0.525|0.525
0.03290341835023789|0.6320643263256157|0.526|0.526
0.04064604452278585|0.63410061391038|0.527|0.527
0.0415400483461821|0.6341860887348407|0.528|0.528
0.04212656012356844|0.6364314351211174|0.529|0.529
0.04245485445472966|0.6391168686524649|0.53|0.53
0.045051429647516544|0.6451677920303203|0.531|0.531
0.04885184084893857|0.6520875509066149|0.532|0.532
0.0504172123752978|0.6544632169158189|0.533|0.533
0.05061087235768449|0.6545959321648367|0.534|0.534
0.05066468065849735|0.6582091966533699|0.535|0.535
0.05239299523517295|0.6589257631664502|0.536|0.536
0.05424832437014033|0.6595753836030528|0.537|0.537
0.05450513925977405|0.6608773630382492|0.538|0.538
0.055395041990091785|0.6624358308142495|0.539|0.539
0.057345645798118065|0.6656223008566526|0.54|0.54
0.05749545000400604|0.6661497813112239|0.541|0.541
0.05780266205242389|0.6712032851659009|0.542|0.542
0.05840276858687412|0.6721337700885801|0.543|0.543
0.05952269995938993|0.6740768056384314|0.544|0.544
0.06081007017073592|0.6753120752291416|0.545|0.545
0.06119909599994147|0.676283110577609|0.546|0.546
0.06122302847601523|0.6764217371180484|0.547|0.547
0.06440496708384283|0.677701768533622|0.548|0.548
0.06836239936148385|0.6793268365267212|0.549|0.549
0.07081140159604932|0.6798262598547731|0.55|0.55
0.07152854488742143|0.6803414362014799|0.551|0.551
0.07523433799244697|0.6820035464255196|0.552|0.552
0.0765649394411905|0.686620298929064|0.553|0.553
0.08034024530982543|0.6866467648041263|0.554|0.554
0.08097931723180077|0.6898230832355359|0.555|0.555
0.08289765379585064|0.6937042298369228|0.556|0.556
0.08318576272395088|0.6944173624862784|0.557|0.557
0.09106400049027048|0.6976041379965882|0.558|0.558
0.0931336488042043|0.7015119861073775|0.559|0.559
0.09369095999404725|0.7052351188306345|0.56|0.56
0.10240810480872682|0.708129863334108|0.561|0.561
0.10601615376686917|0.7118657958244496|0.562|0.562
0.10820732744903665|0.7124784771199556|0.563|0.563
0.10840142660506234|0.7141560925437133|0.564|0.564
0.10875490629591365|0.7157097112921802|0.565|0.565
0.10900670243525457|0.7219919443554133|0.566|0.566
0.11847708243105469|0.7242042955459187|0.567|0.567
0.12151021745965045|0.7247888198883818|0.568|0.568
0.12346983502116726|0.728338454774286|0.569|0.569
0.12504101099312695|0.7373348076451645|0.57|0.57
0.12516244531352216|0.7388882190178269|0.571|0.571
0.12522229577542057|0.742146232751524|0.572|0.572
0.12546958686602405|0.7435467474466039|0.573|0.573
0.12679591387326924|0.7438637377937853|0.574|0.574
0.1281637593319102|0.7457354590106567|0.575|0.575
0.1307027437946019|0.7465207703523166|0.576|0.576
0.13657998012902672|0.7471263128251262|0.577|0.577
0.1401873681287382|0.7471590658816191|0.578|0.578
0.14311300936440857|0.7485885672898802|0.579|0.579
0.1440217040582034|0.7490236922003235|0.58|0.58
0.1445264412192223|0.7541525029146615|0.581|0.581
0.14640812433072334|0.7552069897307162|0.582|0.582
0.1498508749592036|0.7596236410006771|0.583|0.583
0.1538042027868181|0.7597947882899813|0.584|0.584
0.15711882124013518|0.7600384928797093|0.585|0.585
0.15777590189590024|0.7694030151088669|0.586|0.586
0.15786226619310179|0.7701877786171976|0.587|0.587
0.15944035077909108|0.772447440791496|0.588|0.588
0.16437628796812026|0.7735080551200428|0.589|0.589
0.1647581318109535|0.7736853673312118|0.59|0.59
0.16549369596512836|0.7752060276546169|0.591|0.591
0.1658892479336084|0.7764427790564765|0.592|0.592
0.17030739159879835|0.7836250060240677|0.593|0.593
0.17416560864235245|0.7875954055365915|0.594|0.594
0.17590749160883692|0.7879920577777612|0.595|0.595
0.17857416191295236|0.7890468147975553|0.596|0.596
0.17914861407820884|0.7931014894499401|0.597|0.597
0.18096582907855072|0.7932550395868265|0.598|0.598
0.1820052401900076|0.7952342241565857|0.599|0.599
0.18298591020857213|0.8040438099533531|0.6|0.6
0.1866310771330269|0.8046372014912524|0.601|0.601
0.18724572834338835|0.805798537878041|0.602|0.602
0.18842919350582055|0.8059935782058354|0.603|0.603
0.19867614837032982|0.807257538362384|0.604|0.604
0.20296976379517034|0.813233682955697|0.605|0.605
0.20828878717308755|0.8138029253069254|0.606|0.606
0.23201194315348805|0.8143801280489412|0.607|0.607
0.23971102615165069|0.8170136992181085|0.608|0.608
0.2402776583852802|0.8174233383065125|0.609|0.609
0.24103131794652827|0.8246700060684788|0.61|0.61
0.24167402579797048|0.8247111406523862|0.611|0.611
0.24194069943382104|0.8248761596777708|0.612|0.612
0.2420510346399801|0.8252025064267203|0.613|0.613
0.2436784623807603|0.8306003322756434|0.614|0.614
0.24400286500335389|0.8309208423846993|0.615|0.615
0.24434526117529878|0.8330698319530867|0.616|0.616
0.24735277742820538|0.8374752934122227|0.617|0.617
0.24784468987966912|0.842449589608719|0.618|0.618
0.24973958035277508|0.8456702016238798|0.619|0.619
0.2500305603057705|0.852338805585553|0.62|0.62
0.2517214835345298|0.8534028667479892|0.621|0.621
0.25370048087397357|0.8535981474332431|0.622|0.622
0.25490836534053074|0.8542336863106893|0.623|0.623
0.2609090494098791|0.8573719825777655|0.624|0.624
0.26207797958181606|0.857667859581242|0.625|0.625
0.2625355112483119|0.8579614919870726|0.626|0.626
0.26652335959617873|0.8666660224223723|0.627|0.627
0.2667701728104261|0.8686421574044498|0.628|0.628
0.2690109928825605|0.876536770946392|0.629|0.629
0.2708315256466516|0.8774362703681662|0.63|0.63
0.2745780010867775|0.8809356033691778|0.631|0.631
0.27779260300089426|0.8815798336476168|0.632|0.632
0.27930761287989364|0.8817867170799583|0.633|0.633
0.28071761106822013|0.8824907000082549|0.634|0.634
0.28174397035941057|0.8870282594474321|0.635|0.635
0.2867785119622473|0.8880395527075374|0.636|0.636
0.29117568192698245|0.8947061822620386|0.637|0.637
0.2943269082338846|0.897735507699815|0.638|0.638
0.2951879807136658|0.8978875268416231|0.639|0.639
0.29519363148955624|0.8987945707837499|0.64|0.64
0.2965470140216154|0.9010337443838919|0.641|0.641
0.2976334991731489|0.906490876596268|0.642|0.642
0.299486362590363|0.9126336843533331|0.643|0.643
0.30422044380406116|0.912878961712615|0.644|0.644
0.30785681217237515|0.9132026541650853|0.645|0.645
0.3079565682343666|0.9170779234571969|0.646|0.646
0.3103283622077638|0.9186155018962086|0.647|0.647
0.3107897310917123|0.9214635183912818|0.648|0.648
0.31130899286960223|0.9263808897493389|0.649|0.649
0.3127138682992371|0.9265877296220755|0.65|0.65
0.3154395666303326|0.9306881435728871|0.651|0.651
0.3209643462455105|0.9344609508974229|0.652|0.652
0.3210836088383434|0.9356249054509482|0.653|0.653
0.32207156652661045|0.9396321489264214|0.654|0.654
0.3237473988541676|0.9418460747303903|0.655|0.655
0.3269428792179753|0.9431082352826521|0.656|0.656
0.32804193168911105|0.950527007186471|0.657|0.657
0.32851820629677714|0.9560360883259246|0.658|0.658
0.3469529098151165|0.9568576461527636|0.659|0.659
0.3518610994379634|0.9597843608767764|0.66|0.66
0.35637217827221074|0.9612710422122484|0.661|0.661
0.3599466757837926|0.9627756872504989|0.662|0.662
0.3603025327346804|0.9639449922881473|0.663|0.663
0.3620283182740894|0.9699864496217647|0.664|0.664
0.3634221054896128|0.970226866752333|0.665|0.665
0.36505956520154115|0.9702846069677651|0.666|0.666
0.3652637391160496|0.9706475533574584|0.667|0.667
0.3672470587998363|0.9722026976281231|0.668|0.668
0.3673092203443465|0.9773469447062539|0.669|0.669
0.36958704226329586|0.98131199619631|0.67|0.67
0.37214402754658654|0.9842132759326738|0.671|0.671
0.373331062760451|0.9979433462703521|0.672|0.672
0.3771284860356844|0.9992825482129013|0.673|0.673
0.37947378033722295|1.004640647209766|0.674|0.674
0.3843534906781407|1.004934474116894|0.675|0.675
0.3907725509764118|1.00892991878293|0.676|0.676
0.3921392265219532|1.0101427663222848|0.677|0.677
0.39549269166708173|1.0106957486090364|0.678|0.678
0.39988330192878846|1.0111564811125473|0.679|0.679
0.4120363938847094|1.011157985454618|0.68|0.68
0.4182431673610367|1.012328265439176|0.681|0.681
0.41975343488780065|1.0169270055235151|0.682|0.682
0.42276605515532306|1.0182727035453996|0.683|0.683
0.42610085320326896|1.018920274212255|0.684|0.684
0.42998238507697684|1.0204715749190991|0.685|0.685
0.43277777807629547|1.0219076318794813|0.686|0.686
0.43707536199504843|1.0237756831091693|0.687|0.687
0.4372538395525495|1.0273170744564748|0.688|0.688
0.44495528243819016|1.0279203666362644|0.689|0.689
0.44844117846572623|1.0282271976844286|0.69|0.69
0.45651765677999046|1.0377673566068546|0.691|0.691
0.4592402944482689|1.0399034297287217|0.692|0.692
0.46442228642534417|1.041108412465239|0.693|0.693
0.46673900524508766|1.045051314702156|0.694|0.694
0.4736231638999111|1.0479973380095027|0.695|0.695
0.47471388380855034|1.050607969684564|0.696|0.696
0.4759215362156026|1.0524674282508621|0.697|0.697
0.4788583552810059|1.0525503636645963|0.698|0.698
0.48142760737091467|1.0568904560231025|0.699|0.699
0.4822495647248185|1.060539069333016|0.7|0.7
0.4822677748906152|1.0614523450702262|0.701|0.701
0.4874388499851673|1.0618485377878857|0.702|0.702
0.4899896388838313|1.0626399276905505|0.703|0.703
0.49061882380541144|1.0650052132347434|0.704|0.704
0.4947328439968032|1.0672728754489496|0.705|0.705
0.49596116593187345|1.0680553855523183|0.706|0.706
0.4994980819575857|1.069792231115878|0.707|0.707
0.5020476688565121|1.072459050942768|0.708|0.708
0.5029039837637848|1.0780577737985269|0.709|0.709
0.502964031285929|1.0801302692101986|0.71|0.71
0.5068919340241853|1.0824692453932543|0.711|0.711
0.5069766638859406|1.0837421161092637|0.712|0.712
0.5080268798183696|1.0842467243424212|0.713|0.713
0.5155639435069367|1.0862478265530155|0.714|0.714
0.5205908959289859|1.0887376572941534|0.715|0.715
0.520842800911937|1.0917978377601067|0.716|0.716
0.521619755735572|1.0931261990118448|0.717|0.717
0.5222694938458734|1.0996243437356927|0.718|0.718
0.5239537446161366|1.1004761102811846|0.719|0.719
0.5249306790951207|1.1007577989105792|0.72|0.72
0.5276807457829812|1.1010212456894723|0.721|0.721
0.5313975355432232|1.1040993087370485|0.722|0.722
0.532155629666065|1.104224025730764|0.723|0.723
0.53341872613264|1.1053267329210126|0.724|0.724
0.533516964146834|1.1085200455200463|0.725|0.725
0.5421873145982646|1.1118806220376691|0.726|0.726
0.5425860849088169|1.113836576150621|0.727|0.727
0.5427035865581655|1.1169631933385493|0.728|0.728
0.5456810218029651|1.1195607670547463|0.729|0.729
0.5563624716692042|1.1221676963029603|0.73|0.73
0.5590297693605478|1.1226946956427444|0.731|0.731
0.5618314470172403|1.1235516645549661|0.732|0.732
0.5630889317123494|1.1294680264246286|0.733|0.733
0.5669134121358614|1.1299370196438288|0.734|0.734
0.567378361490124|1.1335022881464694|0.735|0.735
0.5685188117535639|1.1388094955026968|0.736|0.736
0.5696492150570454|1.1427783751955571|0.737|0.737
0.5703843257080553|1.1435761319894935|0.738|0.738
0.5759437400864145|1.1441728151101789|0.739|0.739
0.5810000772559104|1.144658479200674|0.74|0.74
0.583984516287997|1.1470614322922545|0.741|0.741
0.5846179680351496|1.149224637514338|0.742|0.742
0.5858421537284857|1.1503480011480434|0.743|0.743
0.5884776106968813|1.1511947827380724|0.744|0.744
0.5888953328509191|1.154177211596307|0.745|0.745
0.5891571123354801|1.1542858192107976|0.746|0.746
0.5902306317134606|1.1551047178690297|0.747|0.747
0.5906227556075847|1.158724750742981|0.748|0.748
0.5908724668282377|1.1590276543988058|0.749|0.749
0.5916570533840949|1.1651854219001134|0.75|0.75
0.5941981159311142|1.1663149203608363|0.751|0.751
0.5978543498983241|1.170411355587921|0.752|0.752
0.6038323874149177|1.1730616977067485|0.753|0.753
0.6153640939131773|1.1744135473424064|0.754|0.754
0.6176479970669275|1.1747240487515276|0.755|0.755
0.6279091357925773|1.176587662059512|0.756|0.756
0.6295849203744902|1.176788303001882|0.757|0.757
0.6303051724992417|1.1827561756767295|0.758|0.758
0.6305939657000204|1.1840384518520226|0.759|0.759
0.6316622919088178|1.1874147637127894|0.76|0.76
0.6325022318428369|1.1941487992228923|0.761|0.761
0.6325238272668546|1.1960554495583888|0.762|0.762
0.632692324700719|1.1974093168928786|0.763|0.763
0.6332755596301315|1.2047291168871608|0.764|0.764
0.6344547960779799|1.2066621700592959|0.765|0.765
0.6363234205604476|1.2071111840666036|0.766|0.766
0.6453809639611467|1.216850031601256|0.767|0.767
0.6502169786089308|1.219558849268585|0.768|0.768
0.6533676628609039|1.2217575667312643|0.769|0.769
0.6559471196682543|1.226537352543096|0.77|0.77
0.6592305183861571|1.230478253732329|0.771|0.771
0.6708577839695824|1.2355294833044907|0.772|0.772
0.670897103136037|1.2359419367725715|0.773|0.773
0.6731522225849301|1.236276728219047|0.774|0.774
0.6751965329479067|1.2384491540090936|0.775|0.775
0.6799839997197255|1.2425509606785823|0.776|0.776
0.6822629086759517|1.2451720435545135|0.777|0.777
0.6827020716292754|1.24916275796101|0.778|0.778
0.6957080286093357|1.2494591566822444|0.779|0.779
0.6998312562919632|1.2496437186997702|0.78|0.78
0.7011954758981988|1.2503933173864754|0.781|0.781
0.7014725087476799|1.2551358736469558|0.782|0.782
0.7033513633599856|1.255243970059284|0.783|0.783
0.7045410096198511|1.2563159322476607|0.784|0.784
0.7080109401812128|1.2629981657608205|0.785|0.785
0.7081502233154576|1.2631542208708808|0.786|0.786
0.709339536889077|1.26676427273775|0.787|0.787
0.7120061132584992|1.267209493615586|0.788|0.788
0.7126406048500562|1.2680727472609563|0.789|0.789
0.7127920333079406|1.2804435911765157|0.79|0.79
0.7159313835304288|1.2809381009646283|0.791|0.791
0.7159453194460519|1.2847537121309736|0.792|0.792
0.7181541907741537|1.2865317277763209|0.793|0.793
0.7205821268609456|1.2884072147528003|0.794|0.794
0.7231146814577032|1.2908497257224187|0.795|0.795
0.7371809907458639|1.2909496925498605|0.796|0.796
0.7395126378235648|1.2910782615634424|0.797|0.797
0.7528097243239276|1.2934086786995054|0.798|0.798
0.7589589466477323|1.2982501198613554|0.799|0.799
0.7601923370787483|1.2990995598566826|0.8|0.8
0.7733724993745259|1.2991941868832648|0.801|0.801
0.7893062525676122|1.2995684631192457|0.802|0.802
0.7893929444824445|1.302200152682178|0.803|0.803
0.7928334858131378|1.3124132976139722|0.804|0.804
0.7937443096951655|1.3143311793199528|0.805|0.805
0.7981785538076618|1.3169117227292402|0.806|0.806
0.8042657966923487|1.3194212042722957|0.807|0.807
0.8113722280961395|1.3198461286598837|0.808|0.808
0.8148503415777187|1.3384814054384846|0.809|0.809
0.823006012822872|1.3424910644972903|0.81|0.81
0.8231924668854826|1.3476967084981875|0.811|0.811
0.8284276647025863|1.3529774653819016|0.812|0.812
0.8284401010591202|1.3548479574397025|0.813|0.813
0.8332956586802273|1.363140317979819|0.814|0.814
0.8387194247983193|1.3643934128279869|0.815|0.815
0.8474440643064522|1.366649520192098|0.816|0.816
0.8581033887017809|1.371697902116901|0.817|0.817
0.8666467917676738|1.3748379461118012|0.818|0.818
0.8678853859563589|1.3756061860950286|0.819|0.819
0.8683439109854775|1.3761586137866553|0.82|0.82
0.8738675890734103|1.3791442914634087|0.821|0.821
0.8747915287762442|1.3833207443393383|0.822|0.822
0.8752672873711761|1.3855915644262269|0.823|0.823
0.8796009633103642|1.3862067006158232|0.824|0.824
0.8820903121613436|1.3883004135618084|0.825|0.825
0.8837383847856383|1.391022896458581|0.826|0.826
0.8861339497582219|1.3936257889545585|0.827|0.827
0.8945559546307277|1.39752656358031|0.828|0.828
0.9036568493246628|1.4114298661293505|0.829|0.829
0.9072802649676285|1.4200435381404346|0.83|0.83
0.9129027633355138|1.421570965404229|0.831|0.831
0.9166638684459116|1.4353731827551088|0.832|0.832
0.9174913388930831|1.4395440822302419|0.833|0.833
0.9216001050183759|1.4424606768438681|0.834|0.834
0.9254025945748481|1.443067879183055|0.835|0.835
0.926461237448104|1.4436736727904576|0.836|0.836
0.9344939521572392|1.4455400731702488|0.837|0.837
0.9360435573080247|1.4470583251402136|0.838|0.838
0.9409693616917325|1.4581661480287873|0.839|0.839
0.9483090882597304|1.463361321383483|0.84|0.84
0.9517386328328763|1.4650733701827685|0.841|0.841
0.9545170666391561|1.4717959763219608|0.842|0.842
0.9547156799080023|1.4738677410366765|0.843|0.843
0.9704921895674171|1.474966790337391|0.844|0.844
0.9756274388063755|1.4769041913849814|0.845|0.845
0.9876067926145077|1.4793086179993775|0.846|0.846
1.0203326722136998|1.4800838697538388|0.847|0.847
1.0302644001601688|1.480463153729771|0.848|0.848
1.035917102540888|1.4839648084255024|0.849|0.849
1.0384762754760961|1.4851656553788182|0.85|0.85
1.0463292073848627|1.4879536082785645|0.851|0.851
1.048437225443621|1.4954699385676045|0.852|0.852
1.0510879793835377|1.5008137850829735|0.853|0.853
1.0564228832655238|1.501782529027127|0.854|0.854
1.0654081333849186|1.5058915426630666|0.855|0.855
1.0659332663620784|1.5073548578076306|0.856|0.856
1.0819915249251157|1.5092303716271187|0.857|0.857
1.0828043284526792|1.512755264141213|0.858|0.858
1.091247846035334|1.5160006110479767|0.859|0.859
1.1076454674657787|1.5175084893027042|0.86|0.86
1.1082004392145397|1.518450691264232|0.861|0.861
1.1086005808307546|1.5189643650229332|0.862|0.862
1.1114091238459212|1.521439564796609|0.863|0.863
1.1142118272485153|1.5394776145149451|0.864|0.864
1.1153476327494642|1.5425281745952029|0.865|0.865
1.1167050386948962|1.5490429822076528|0.866|0.866
1.1232383316759156|1.5612468327206552|0.867|0.867
1.124651280671468|1.571794906564008|0.868|0.868
1.124850961987792|1.5734465188079751|0.869|0.869
1.1384424208806927|1.5794229384441711|0.87|0.87
1.1385223218110851|1.5829564740091342|0.871|0.871
1.140031592365153|1.58595364486271|0.872|0.872
1.144547868065928|1.5889993495501242|0.873|0.873
1.146676817947587|1.589313455740711|0.874|0.874
1.1479550204285212|1.5919526694473773|0.875|0.875
1.1496985629690788|1.5966645161359732|0.876|0.876
1.1562766733293643|1.5988518928522735|0.877|0.877
1.1605716732157592|1.6020572447418042|0.878|0.878
1.1613712843150747|1.6114462021161542|0.879|0.879
1.162007332678329|1.630928668853879|0.88|0.88
1.1633765983066808|1.6334393110760108|0.881|0.881
1.1745196515130116|1.6358357804405044|0.882|0.882
1.1746971600232445|1.6361724309153753|0.883|0.883
1.183706604607701|1.6369736149495069|0.884|0.884
1.1885788407931694|1.6495958377772049|0.885|0.885
1.189991132335973|1.6526036198419545|0.886|0.886
1.1902768892240267|1.6557826213350193|0.887|0.887
1.196985104721324|1.6562684493375786|0.888|0.888
1.2154121357032783|1.662163970734835|0.889|0.889
1.215917872535851|1.6706090819840553|0.89|0.89
1.2219183679459173|1.6708098361511303|0.891|0.891
1.223699495602894|1.6713430638530637|0.892|0.892
1.2313065358381539|1.6825279529181731|0.893|0.893
1.233006131164814|1.6828776161803256|0.894|0.894
1.2441706774656007|1.693633986263731|0.895|0.895
1.2466365999128448|1.6970332362844485|0.896|0.896
1.25079156148331|1.700332129843508|0.897|0.897
1.2596760391949682|1.7017779043771395|0.898|0.898
1.268039976224734|1.7242608860633224|0.899|0.899
1.2749974457913287|1.7257886560852849|0.9|0.9
1.2769369517847682|1.7312501325362433|0.901|0.901
1.2828442369516222|1.7465864992780051|0.902|0.902
1.2839447982260093|1.7585646538680866|0.903|0.903
1.3016164853632266|1.7663277407675744|0.904|0.904
1.303219338854624|1.7671942249340036|0.905|0.905
1.3313356322283803|1.7693267113962676|0.906|0.906
1.3394070421305342|1.7907372996693696|0.907|0.907
1.3426996582058894|1.796134176800331|0.908|0.908
1.3445463198234746|1.8028528764865661|0.909|0.909
1.354703504975084|1.818400944493788|0.91|0.91
1.3902070975692618|1.8200482733035315|0.911|0.911
1.392790563276598|1.8243070935732573|0.912|0.912
1.3982716234501673|1.8461642244867638|0.913|0.913
1.425027898093667|1.8526039271285004|0.914|0.914
1.4645927374614671|1.8582802334503816|0.915|0.915
1.4659197155350223|1.870331011996754|0.916|0.916
1.476833952680656|1.893719202939492|0.917|0.917
1.4788595212222353|1.910599465121823|0.918|0.918
1.4831137858014314|1.9171934239669743|0.919|0.919
1.4873903131199984|1.9192751771763972|0.92|0.92
1.4932347553492544|1.9274086663901107|0.921|0.921
1.5018228929992277|1.9408558972713534|0.922|0.922
1.5070926923792147|1.9527297010433435|0.923|0.923
1.5078244403903007|1.956870559140712|0.924|0.924
1.5131424048816058|1.9630102961771152|0.925|0.925
1.5178500274842848|1.9679142571461963|0.926|0.926
1.5308327355090996|1.979787767820205|0.927|0.927
1.5310458108724316|1.9868537849286447|0.928|0.928
1.5323932310116173|1.9924126922958822|0.929|0.929
1.5358910665511392|2.002390589804267|0.93|0.93
1.5530062019546873|2.0079813872377614|0.931|0.931
1.5580696810963288|2.010870469809788|0.932|0.932
1.563914687123099|2.011966223263184|0.933|0.933
1.5705000864626961|2.013960397146068|0.934|0.934
1.5722737563990705|2.019845636050536|0.935|0.935
1.597455587647412|2.019859534748476|0.936|0.936
1.6044289169124832|2.028604999940467|0.937|0.937
1.6060867878373724|2.0388962134839783|0.938|0.938
1.6149001029642123|2.073974565715495|0.939|0.939
1.64381823521411|2.0754128844248982|0.94|0.94
1.6510147147500065|2.076222154458345|0.941|0.941
1.6529026487582152|2.0846395192041536|0.942|0.942
1.6873643149041986|2.0927868271273598|0.943|0.943
1.689500598347223|2.094250518890282|0.944|0.944
1.69383802574075|2.097502463117176|0.945|0.945
1.7164580944725676|2.0978050138979705|0.946|0.946
1.7201839233301295|2.1139404755354545|0.947|0.947
1.724176466451567|2.1186652850688255|0.948|0.948
1.7290158240448736|2.1364505687243573|0.949|0.949
1.733745160155597|2.1400772549782987|0.95|0.95
1.7736235790263726|2.141270290242742|0.951|0.951
1.7773121531578984|2.1414045443072123|0.952|0.952
1.7834900485028184|2.146628196013223|0.953|0.953
1.789273647208864|2.168364476774915|0.954|0.954
1.7903704231108495|2.1727411129926324|0.955|0.955
1.7967432949444828|2.1813107171660384|0.956|0.956
1.835974641694107|2.1988388689993865|0.957|0.957
1.8656097849654198|2.2054803770147955|0.958|0.958
1.8711107787377859|2.2093502106779583|0.959|0.959
1.878533094840951|2.2184472559479964|0.96|0.96
1.8808566439471854|2.2220920072293944|0.961|0.961
1.8982418028582781|2.2274853444545974|0.962|0.962
1.9027603624115548|2.2288555250154163|0.963|0.963
1.9086532202987718|2.2321414018211776|0.964|0.964
1.9191712709772706|2.2385219794900664|0.965|0.965
1.9272961208704318|2.2385464721474087|0.966|0.966
1.9480728978702544|2.2507890369799783|0.967|0.967
1.9481176952480936|2.2559301559057223|0.968|0.968
1.9543917726721818|2.25635904776289|0.969|0.969
1.9562084046675825|2.26671597444906|0.97|0.97
1.9643913444522438|2.2822731546349804|0.971|0.971
1.9644493829774214|2.282312766522974|0.972|0.972
1.994841519566162|2.286078401507895|0.973|0.973
2.0111158791893837|2.2999261806406763|0.974|0.974
2.0151786465930885|2.327046736234198|0.975|0.975
2.039577044771881|2.3484499789134166|0.976|0.976
2.050569186588309|2.3489139654071236|0.977|0.977
2.0526324456523453|2.3594660541514543|0.978|0.978
2.057341233118355|2.3617011332247317|0.979|0.979
2.063208418850952|2.3872705764737643|0.98|0.98
2.0678670934512438|2.4356595955407325|0.981|0.981
2.102977407972218|2.4508241255123107|0.982|0.982
2.128996596482154|2.4585950764939453|0.983|0.983
2.130667725222482|2.4586159092770377|0.984|0.984
2.152257103125363|2.598568438930809|0.985|0.985
2.1820122152604733|2.655330362202853|0.986|0.986
2.2229753156569685|2.6741553619639555|0.987|0.987
2.23146495247503|2.67540719102546|0.988|0.988
2.2436444594137352|2.6793120058896274|0.989|0.989
2.3174579779324227|2.683416000887973|0.99|0.99
2.3604283373258417|2.687975021303197|0.991|0.991
2.36439818734887|2.7261771684194773|0.992|0.992
2.3749997016236972|2.7305951618305175|0.993|0.993
2.4311516746635307|2.7353490553992716|0.994|0.994
2.47664170777785|2.7909255226278926|0.995|0.995
2.499846005595212|2.900096305269416|0.996|0.996
2.7290621862647835|3.164861620418303|0.997|0.997
2.862971581129942|3.312697169757503|0.998|0.998
2.882462321611184|3.4243103009887474|0.999|0.999
3.702548552781649|3.7969457729868066|1.0|1.0
